<?xml version="1.0" encoding="UTF-8"?>

<beans default-destroy-method="destroy" default-init-method="afterPropertiesSet"
   xmlns="http://www.springframework.org/schema/beans" xmlns:xsi="http://www.w3.org/2001/XMLSchema-instance"
   xsi:schemaLocation="http://www.springframework.org/schema/beans http://www.springframework.org/schema/beans/spring-beans-3.0.xsd">

   <!-- To define an external data source, the liferayDataSource Spring bean
       must be overridden. Other default Spring beans like liferaySessionFactory
       and liferayTransactionManager may optionally be overridden.

       liferayDataSourceFactory refers to the data source configured on the
       application server. -->

	<bean class="com.liferay.portal.dao.jdbc.spring.DataSourceFactoryBean"
	    id="liferayDataSourceFactory">
	    <property name="propertyPrefix" value="jdbc.ext." />
	</bean>

   <bean
       class="org.springframework.jdbc.datasource.LazyConnectionDataSourceProxy"
       id="liferayDataSource">
       <property name="targetDataSource" ref="liferayDataSourceFactory" />
   </bean>
   
	<bean class="java.lang.String"  id="liferayString">
	<constructor-arg>
        <value>I am a string.</value>
    </constructor-arg>
	</bean>

</beans>